{
    "best_model": "GRU",
    "best_test_loss": 0.3458265325396645,
    "best_test_acc": 0.8496890943877551,
    "best_test_f1": 0.8491692524833288
}