{
    "model_type": "LSTM",
    "hyperparameters": {
        "embedding_dim": 300,
        "hidden_dim": 200,
        "n_layers": 2,
        "bidirectional": true,
        "dropout_rate": 0.5,
        "lr": 0.0005,
        "batch_size": 128
    },
    "training_results": {
        "train_losses": [
            0.6056389180170435,
            0.3409876593318926,
            0.23781568192097605,
            0.18473771386811522,
            0.1405632777937821,
            0.11177823507562787,
            0.08413928621733675,
            0.09862243237138606,
            0.08310473448007691,
            0.050955698318576735
        ],
        "train_accs": [
            0.6514754084502759,
            0.8536540622613868,
            0.9046847568888242,
            0.9286434330096861,
            0.9498230741948498,
            0.9590705231744416,
            0.9687997171667968,
            0.9638965462340789,
            0.9684774109295436,
            0.982724036894688
        ],
        "valid_losses": [
            0.38197393867434287,
            0.3412070405118319,
            0.3401281453517018,
            0.3110184748562015,
            0.3408716917037964,
            0.38228505454501327,
            0.3881786085513173,
            0.47808103780357203,
            0.45038418806329067,
            0.450694307380793
        ],
        "valid_accs": [
            0.8371949609445066,
            0.8537104117627047,
            0.8759054918678439,
            0.8751744810415774,
            0.8798643873662365,
            0.8806615812437875,
            0.8686043997200168,
            0.852215297368108,
            0.8760649306433541,
            0.8728490812437875
        ],
        "test_results": {},
        "best_epoch": 9,
        "best_valid_loss": 0.3110184748562015
    }
}