{
    "model_type": "RNN",
    "hyperparameters": {
        "embedding_dim": 300,
        "hidden_dim": 200,
        "n_layers": 2,
        "bidirectional": true,
        "dropout_rate": 0.5,
        "lr": 0.0005,
        "batch_size": 128
    },
    "training_results": {
        "train_losses": [
            0.7900625406479349,
            0.6290427032782107,
            0.510063305395801,
            0.5144334340176615,
            0.44280418895539786,
            0.4466048441573876,
            0.4639565843303187,
            0.4122408758215353,
            0.3205729252627107,
            0.3107850976339003
        ],
        "train_accs": [
            0.5352291116098158,
            0.6695777100770652,
            0.7566947142283121,
            0.7618241853454486,
            0.8052309629868488,
            0.7982619457504376,
            0.7834975723506642,
            0.8212279867963727,
            0.8709900289976678,
            0.8689636133965992
        ],
        "valid_losses": [
            0.6984598064909175,
            0.9151190774781364,
            0.49642836074439844,
            0.6772308580729426,
            0.560209367956434,
            0.5339468170185478,
            0.46158178181064374,
            0.6273797981593073,
            0.4279361908533135,
            0.6996788078424881
        ],
        "valid_accs": [
            0.6168144734538331,
            0.6799642613955906,
            0.7937614321708679,
            0.7533181321864225,
            0.7885210100485354,
            0.7504151427015966,
            0.808423781881527,
            0.7573041015741776,
            0.8451668997200168,
            0.7409480895314898
        ],
        "test_results": {},
        "best_epoch": 9,
        "best_valid_loss": 0.4279361908533135
    }
}