{
    "experiment_name": "exp_20250628_110138",
    "timestamp": "20250628_110138",
    "device": "cuda",
    "vocab_size": 25036,
    "train_samples": 18750,
    "valid_samples": 6250,
    "test_samples": 25000,
    "model_comparison": {
        "RNN": {
            "best_epoch": 9,
            "best_valid_loss": 0.5945765418665749,
            "final_train_loss": 0.45038454325831667,
            "final_train_acc": 0.7919443983609985,
            "final_valid_loss": 0.5945765418665749,
            "final_valid_acc": 0.7391280811660144,
            "test_loss": 0.6104255273025863,
            "test_acc": 0.734980867529402,
            "test_f1": 0.7341438524936307
        },
        "LSTM": {
            "best_epoch": 9,
            "best_valid_loss": 0.3270873372652093,
            "final_train_loss": 0.07220045594992686,
            "final_train_acc": 0.9736823155766442,
            "final_valid_loss": 0.4947103240660259,
            "final_valid_acc": 0.8730686854343025,
            "test_loss": 0.3582904866459418,
            "test_acc": 0.8457190689383721,
            "test_f1": 0.8448905043855074
        },
        "GRU": {
            "best_epoch": 9,
            "best_valid_loss": 0.2994385732679951,
            "final_train_loss": 0.059253639997724365,
            "final_train_acc": 0.9792729591836735,
            "final_valid_loss": 0.4646980056957323,
            "final_valid_acc": 0.8747292550242677,
            "test_loss": 0.3409080820880374,
            "test_acc": 0.8598453445093972,
            "test_f1": 0.8598607506969385
        }
    }
}