{
    "model_type": "LSTM",
    "hyperparameters": {
        "embedding_dim": 200,
        "hidden_dim": 300,
        "n_layers": 2,
        "bidirectional": true,
        "dropout_rate": 0.5,
        "lr": 0.0005,
        "batch_size": 128
    },
    "training_results": {
        "train_losses": [
            0.6109603444735209,
            0.3860996712227257,
            0.2993327156216109,
            0.24202701444325803,
            0.2040555293158609,
            0.15509110501631587,
            0.12956439110697532,
            0.10876163537455659,
            0.09292172876243689,
            0.07220045594992686
        ],
        "train_accs": [
            0.6492604098352445,
            0.8342591065938781,
            0.8780121924925823,
            0.903950995328475,
            0.9220635834194365,
            0.9411568053725625,
            0.9520552170519926,
            0.960555189726304,
            0.9678293693633306,
            0.9736823155766442
        ],
        "valid_losses": [
            0.45675237081488784,
            0.35659967089185907,
            0.33634185486910295,
            0.33573020356042044,
            0.3270873372652093,
            0.3316787980040725,
            0.39232453643059245,
            0.34866320600315015,
            0.442656116217983,
            0.4947103240660259
        ],
        "valid_accs": [
            0.8167145982080576,
            0.8571849732982869,
            0.8563877794207359,
            0.8659210144257059,
            0.8655690465654645,
            0.8731950326841704,
            0.879452252874569,
            0.8770877463476998,
            0.8657014102351909,
            0.8730686854343025
        ],
        "test_results": {},
        "best_epoch": 9,
        "best_valid_loss": 0.3270873372652093
    }
}