{
    "best_model": "LSTM",
    "best_test_loss": 0.3279961482906828,
    "best_test_acc": 0.8603942692279816,
    "best_test_f1": 0.8601328102593546
}