{
    "model_type": "LSTM",
    "hyperparameters": {
        "embedding_dim": 200,
        "hidden_dim": 200,
        "n_layers": 2,
        "bidirectional": true,
        "dropout_rate": 0.5,
        "lr": 0.0005,
        "batch_size": 256
    },
    "training_results": {
        "train_losses": [
            0.6332148377959793,
            0.39987874635168025,
            0.2979588778437795,
            0.25024247884347633,
            0.1950616427772754,
            0.1561410652624594,
            0.13608232180814486,
            0.11508141911110363,
            0.09630622845646497,
            0.09918238642952733
        ],
        "train_accs": [
            0.6247786339875814,
            0.8187459127323048,
            0.8780599526456885,
            0.9028648097772856,
            0.9235965424292797,
            0.9428774786962045,
            0.9491591509935018,
            0.9578162455880964,
            0.9646257895070154,
            0.9621839579698201
        ],
        "valid_losses": [
            0.4271406269073486,
            0.3585887169837952,
            0.3324739074707031,
            0.3119609159231186,
            0.29400442123413084,
            0.306930416226387,
            0.3190234088897705,
            0.38048692464828493,
            0.46527129530906675,
            0.3862263613939285
        ],
        "valid_accs": [
            0.805448112487793,
            0.8561379718780517,
            0.8627889156341553,
            0.8719428062438965,
            0.8760966992378235,
            0.8820990562438965,
            0.8818779492378235,
            0.8852889156341552,
            0.8782576656341553,
            0.8826591992378234
        ],
        "test_results": {},
        "best_epoch": 9,
        "best_valid_loss": 0.29400442123413084
    }
}