{
    "model_type": "RNN",
    "hyperparameters": {
        "embedding_dim": 200,
        "hidden_dim": 200,
        "n_layers": 2,
        "bidirectional": true,
        "dropout_rate": 0.5,
        "lr": 0.0005,
        "batch_size": 256
    },
    "training_results": {
        "train_losses": [
            0.7888746930135263,
            0.6168282507239161,
            0.5143094892437393,
            0.4354812857267019,
            0.33454380748239726,
            0.2781005934686274,
            0.25190691921759295,
            0.21817824556618123,
            0.18074585144986977,
            0.1538976746032367
        ],
        "train_accs": [
            0.5374465310895765,
            0.6770975235346202,
            0.7592207249757406,
            0.8009975069277996,
            0.8614915947656374,
            0.8869077619668599,
            0.9000262231440157,
            0.9163783232907992,
            0.9321020865762556,
            0.9422627639126133
        ],
        "valid_losses": [
            0.6129423427581787,
            0.5713752782344819,
            0.6116411542892456,
            0.5923455607891083,
            0.5162538671493531,
            0.39839536547660825,
            0.4887552857398987,
            0.5609384834766388,
            0.5966880047321319,
            0.7901778435707092
        ],
        "valid_accs": [
            0.6691362023353576,
            0.7536527132987976,
            0.7090831375122071,
            0.8118012976646424,
            0.8454864382743835,
            0.8717482328414917,
            0.8574646234512329,
            0.8586232328414917,
            0.8681544828414917,
            0.8255512976646423
        ],
        "test_results": {},
        "best_epoch": 9,
        "best_valid_loss": 0.39839536547660825
    }
}