{
    "best_model": "LSTM",
    "best_test_loss": 0.3256028507437025,
    "best_test_acc": 0.8641980229591837,
    "best_test_f1": 0.8641295919852937
}