{
    "model_type": "GRU",
    "hyperparameters": {
        "embedding_dim": 200,
        "hidden_dim": 200,
        "n_layers": 2,
        "bidirectional": true,
        "dropout_rate": 0.5,
        "lr": 0.0001,
        "batch_size": 128
    },
    "training_results": {
        "train_losses": [
            0.6872536199433463,
            0.625515739933974,
            0.4622666912824929,
            0.3823730590797606,
            0.3337270195792321,
            0.2993462740564022,
            0.2698469218753633,
            0.25226825698703326,
            0.23217465044284352,
            0.21029913278461312
        ],
        "train_accs": [
            0.5461686687404607,
            0.6501827544095565,
            0.7806071014631362,
            0.831186910064853,
            0.8583772214902502,
            0.8761452160724977,
            0.8898569507663753,
            0.897014551422223,
            0.9047447605197932,
            0.9153705835342407
        ],
        "valid_losses": [
            0.6785825527444178,
            0.5301981501433314,
            0.3850010305034871,
            0.34022570690330195,
            0.3250219165062418,
            0.3136196613919978,
            0.3005161042116126,
            0.29409331904382124,
            0.33471863063014284,
            0.30000458079941417
        ],
        "valid_accs": [
            0.593437138868838,
            0.7413602240231573,
            0.8331037017763877,
            0.8567728388066195,
            0.8633699940175427,
            0.8665256792185257,
            0.8752075713507983,
            0.8750150422660672,
            0.8759385833934862,
            0.8839105221689963
        ],
        "test_results": {},
        "best_epoch": 9,
        "best_valid_loss": 0.29409331904382124
    }
}