{
    "model_type": "LSTM",
    "hyperparameters": {
        "embedding_dim": 200,
        "hidden_dim": 200,
        "n_layers": 2,
        "bidirectional": true,
        "dropout_rate": 0.5,
        "lr": 0.0001,
        "batch_size": 128
    },
    "training_results": {
        "train_losses": [
            0.6913823428608122,
            0.6043749883466837,
            0.43146823154014796,
            0.3598731227067052,
            0.3179421045747744,
            0.2836947349869475,
            0.2596163777064304,
            0.23749953741524496,
            0.21993339436800302,
            0.20369921538497315
        ],
        "train_accs": [
            0.5415878044504697,
            0.6700697415540008,
            0.8022650589748305,
            0.8440911644170074,
            0.865565681944088,
            0.8816689982706186,
            0.8938429201541304,
            0.9053327980495635,
            0.911232032743441,
            0.9199943080240366
        ],
        "valid_losses": [
            0.688904734290376,
            0.443526596439128,
            0.37422616019540905,
            0.3535183309292307,
            0.3234092508043562,
            0.30576830311697356,
            0.3074337773177089,
            0.2951854859687844,
            0.30085732681410654,
            0.30194462622914997
        ],
        "valid_accs": [
            0.5683992346938775,
            0.7964658737182617,
            0.836485006371323,
            0.8567066569717563,
            0.8684449609445066,
            0.8728761551331501,
            0.8780112874751188,
            0.882794450740425,
            0.8831133282914454,
            0.8793198892048427
        ],
        "test_results": {},
        "best_epoch": 9,
        "best_valid_loss": 0.2951854859687844
    }
}