{
    "model_type": "RNN",
    "hyperparameters": {
        "embedding_dim": 200,
        "hidden_dim": 200,
        "n_layers": 3,
        "bidirectional": true,
        "dropout_rate": 0.5,
        "lr": 0.0005,
        "batch_size": 128
    },
    "training_results": {
        "train_losses": [
            0.841588962240284,
            0.6923854103704699,
            0.7238359524279224,
            0.6700237202806537,
            0.5505962947598931,
            0.5134754543807231,
            0.4655541051812723,
            0.43457867620753593,
            0.39378152676180106,
            0.40315738046655847
        ],
        "train_accs": [
            0.5228837501435053,
            0.6081440639333661,
            0.5475264702524457,
            0.5979965572454491,
            0.7263447715311634,
            0.7668319340465831,
            0.789821977112569,
            0.8151230248464209,
            0.8319806752561711,
            0.8181746488525754
        ],
        "valid_losses": [
            0.6533508775185566,
            1.066870421779399,
            0.6876719192582734,
            0.607999895300184,
            0.45824315170852503,
            0.5986189373901912,
            0.4475644145693098,
            0.46279220313442,
            0.6177295799158058,
            0.5890864942755017
        ],
        "valid_accs": [
            0.6244404607889603,
            0.6521828077277358,
            0.5259554294907317,
            0.6739055879262029,
            0.804497979125198,
            0.7084165629075498,
            0.8118050876928835,
            0.7947782302389339,
            0.8353418610533889,
            0.728671303817204
        ],
        "test_results": {},
        "best_epoch": 9,
        "best_valid_loss": 0.4475644145693098
    }
}