{
    "model_type": "GRU",
    "hyperparameters": {
        "embedding_dim": 200,
        "hidden_dim": 200,
        "n_layers": 2,
        "bidirectional": false,
        "dropout_rate": 0.5,
        "lr": 0.0005,
        "batch_size": 128
    },
    "training_results": {
        "train_losses": [
            0.6400364335296916,
            0.42584474425332075,
            0.26717989552183213,
            0.20843046244715346,
            0.16909247119815982,
            0.13396316807286268,
            0.10695344496036874,
            0.08585742180596809,
            0.07382149354485022,
            0.06322775723501331
        ],
        "train_accs": [
            0.6231415952954974,
            0.8096523889068032,
            0.895118430358212,
            0.9224458932876587,
            0.9387617946482029,
            0.9500185153922256,
            0.9621495774814061,
            0.9707095537866864,
            0.9744332205681574,
            0.9785289115646258
        ],
        "valid_losses": [
            0.4327487191375421,
            0.33466084940092905,
            0.39574342327458517,
            0.34833085536956787,
            0.3383503683975765,
            0.3334887635951139,
            0.42462790742212414,
            0.4637357635157449,
            0.4355598852342489,
            0.45548281438496646
        ],
        "valid_accs": [
            0.8030961204548271,
            0.8660864708374958,
            0.8537705771777094,
            0.8725572775821296,
            0.8758453264528391,
            0.8781436511448452,
            0.8746690896092629,
            0.8754993750124561,
            0.8709689062468859,
            0.8624855608356242
        ],
        "test_results": {},
        "best_epoch": 9,
        "best_valid_loss": 0.3334887635951139
    }
}