{
    "model_type": "LSTM",
    "hyperparameters": {
        "embedding_dim": 200,
        "hidden_dim": 200,
        "n_layers": 2,
        "bidirectional": false,
        "dropout_rate": 0.5,
        "lr": 0.0005,
        "batch_size": 128
    },
    "training_results": {
        "train_losses": [
            0.6490621185627113,
            0.3785420751490561,
            0.2719640171244031,
            0.21719696828905416,
            0.18198800629296272,
            0.15417654710967524,
            0.12764077425814,
            0.10966345721057483,
            0.09549600904693409,
            0.09018208902506601
        ],
        "train_accs": [
            0.6181029867963727,
            0.837876481263816,
            0.8942715189083904,
            0.9182404814934244,
            0.9322779511107879,
            0.9437678294116948,
            0.953008421018821,
            0.961976423555491,
            0.9664012781616782,
            0.9695797672077101
        ],
        "valid_losses": [
            0.4944372791416791,
            0.3187589085831934,
            0.3015866881730605,
            0.32790141963228886,
            0.38835506779806955,
            0.3522407993370173,
            0.3735596309511029,
            0.3858187405430541,
            0.424755901706462,
            0.49155627525582607
        ],
        "valid_accs": [
            0.7596956832068307,
            0.874981950740425,
            0.8787422995178067,
            0.8711223286025378,
            0.8699460917589615,
            0.8699130014497407,
            0.8770275797162738,
            0.8692752463476998,
            0.8616221851232101,
            0.8399716019630432
        ],
        "test_results": {},
        "best_epoch": 9,
        "best_valid_loss": 0.3015866881730605
    }
}