{
    "model_type": "GRU",
    "hyperparameters": {
        "embedding_dim": 200,
        "hidden_dim": 200,
        "n_layers": 2,
        "bidirectional": true,
        "dropout_rate": 0.5,
        "lr": 0.0005,
        "batch_size": 128
    },
    "training_results": {
        "train_losses": [
            0.606369039031113,
            0.34505172763146513,
            0.24626862850724435,
            0.19469216805534298,
            0.15467111325385619,
            0.12780019270927728,
            0.09954442034418486,
            0.08300098525296871,
            0.06963174457528762,
            0.055359424541698024
        ],
        "train_accs": [
            0.6489809629868488,
            0.8510567533726595,
            0.8994267059832203,
            0.9247414688674771,
            0.9406613452093942,
            0.9532175769611281,
            0.9635879551472307,
            0.9696500573028513,
            0.9763361994101076,
            0.9814948155766442
        ],
        "valid_losses": [
            0.3882792829250803,
            0.3009618879580984,
            0.2890012075706404,
            0.30692295730113983,
            0.30706945973999644,
            0.34920468591913884,
            0.4526398489061667,
            0.39105885521489747,
            0.4814268609090727,
            0.5200007506171052
        ],
        "valid_accs": [
            0.8250986714752353,
            0.8754331919611716,
            0.8854778348183145,
            0.8835314792029711,
            0.8818107429815798,
            0.8774066238987203,
            0.8707101953272917,
            0.8824484980836207,
            0.8813324266550492,
            0.8763898246142329
        ],
        "test_results": {},
        "best_epoch": 9,
        "best_valid_loss": 0.2890012075706404
    }
}