{
    "model_type": "RNN",
    "hyperparameters": {
        "embedding_dim": 200,
        "hidden_dim": 200,
        "n_layers": 2,
        "bidirectional": true,
        "dropout_rate": 0.5,
        "lr": 0.0005,
        "batch_size": 128
    },
    "training_results": {
        "train_losses": [
            0.7676527362291504,
            0.624655830008643,
            0.4919384569943357,
            0.44436305193674,
            0.5420742188992144,
            0.5959827620155957,
            0.47899701887247514,
            0.4679479674011672,
            0.4142821973481146,
            0.4053673150182581
        ],
        "train_accs": [
            0.5509381172608356,
            0.6660374832802078,
            0.7717111037701977,
            0.8066333386362815,
            0.729572978149466,
            0.6854684413695822,
            0.782261493254681,
            0.7833672782190803,
            0.8177803377715909,
            0.8286753207647881
        ],
        "valid_losses": [
            0.6497572319848197,
            0.5882584914869192,
            0.48626807757786344,
            0.737052816517499,
            0.6371395940683326,
            0.5712816514530961,
            0.41947329713373765,
            0.5464226652164849,
            0.44068309482263057,
            0.5090801417827606
        ],
        "valid_accs": [
            0.6131533980369568,
            0.7769090545420744,
            0.7717468470943217,
            0.7578155082099292,
            0.6200423569095378,
            0.7326843470943217,
            0.8186609550398223,
            0.7162230464876914,
            0.8311302710552605,
            0.7599483777065666
        ],
        "test_results": {},
        "best_epoch": 9,
        "best_valid_loss": 0.41947329713373765
    }
}